feature,importance
ap_hi,0.46792253069922063
ap_lo,0.18279793109702422
age,0.13224216892539184
cholesterol,0.09194306195662351
weight,0.06169743735660314
height,0.03313972607983404
gluc,0.011005672001050331
active,0.0074903435507298706
gender_2,0.005412224535325988
smoke,0.004239627559129544
alco,0.0021092762390668793
